{
  "timestamp": 1772175843.5174873,
  "versions": {
    "daily_prices.csv": 1771481711.6233265,
    "daily_report.json": 1772175839.822456,
    "jongga_v2_latest.json": 1772173234.8824544,
    "kr_ai_analysis.json": 1772175839.8183677,
    "signals_log.csv": 1772175839.7359362
  }
}