{
  "timestamp": 1772173242.4821935,
  "versions": {
    "daily_prices.csv": 1771481711.6233265,
    "daily_report.json": 1771482003.1199825,
    "jongga_v2_latest.json": 1772173234.8824544,
    "kr_ai_analysis.json": 1772102140.3281727,
    "signals_log.csv": 1772102140.3288488
  }
}