{
  "timestamp": 1772233234.6702983,
  "versions": {
    "daily_prices.csv": 1771481711.6233265,
    "daily_report.json": 1772189976.805005,
    "jongga_v2_latest.json": 1772189976.8075178,
    "kr_ai_analysis.json": 1772189976.8075178,
    "signals_log.csv": 1772189976.8095667
  }
}